date,intercept,slope
1961-01-01,1.0927574794777075,0.9905609568745954
1961-02-01,1.0927574794777075,0.9905609568745954
1961-03-01,1.0927574794777075,0.9905609568745954
1961-04-01,1.0927574794777075,0.9905609568745954
1961-05-01,1.0927574794777075,0.9905609568745954
1961-06-01,1.0927574794777075,0.9905609568745954
1961-07-01,1.0927574794777075,0.9905609568745954
1961-08-01,1.0927574794777075,0.9905609568745954
1961-09-01,1.0927574794777075,0.9905609568745954
1961-10-01,1.0927574794777075,0.9905609568745954
1961-11-01,1.0927574794777075,0.9905609568745954
1961-12-01,1.0927574794777075,0.9905609568745954
1962-01-01,0.9352541247642856,1.0012051124071544
1962-02-01,0.9352541247642856,1.0012051124071544
1962-03-01,0.9352541247642856,1.0012051124071544
1962-04-01,0.9352541247642856,1.0012051124071544
1962-05-01,0.9352541247642856,1.0012051124071544
1962-06-01,0.9352541247642856,1.0012051124071544
1962-07-01,0.9352541247642856,1.0012051124071544
1962-08-01,0.9352541247642856,1.0012051124071544
1962-09-01,0.9352541247642856,1.0012051124071544
1962-10-01,0.9352541247642856,1.0012051124071544
1962-11-01,0.9352541247642856,1.0012051124071544
1962-12-01,0.9352541247642856,1.0012051124071544
1963-01-01,0.9579785983612575,0.9983736000600565
1963-02-01,0.9579785983612575,0.9983736000600565
1963-03-01,0.9579785983612575,0.9983736000600565
1963-04-01,0.9579785983612575,0.9983736000600565
1963-05-01,0.9579785983612575,0.9983736000600565
1963-06-01,0.9579785983612575,0.9983736000600565
1963-07-01,0.9579785983612575,0.9983736000600565
1963-08-01,0.9579785983612575,0.9983736000600565
1963-09-01,0.9579785983612575,0.9983736000600565
1963-10-01,0.9579785983612575,0.9983736000600565
1963-11-01,0.9579785983612575,0.9983736000600565
1963-12-01,0.9579785983612575,0.9983736000600565
1964-01-01,1.0193909543023687,0.9985681588599419
1964-02-01,1.0193909543023687,0.9985681588599419
1964-03-01,1.0193909543023687,0.9985681588599419
1964-04-01,1.0193909543023687,0.9985681588599419
1964-05-01,1.0193909543023687,0.9985681588599419
1964-06-01,1.0193909543023687,0.9985681588599419
1964-07-01,1.0193909543023687,0.9985681588599419
1964-08-01,1.0193909543023687,0.9985681588599419
1964-09-01,1.0193909543023687,0.9985681588599419
1964-10-01,1.0193909543023687,0.9985681588599419
1964-11-01,1.0193909543023687,0.9985681588599419
1964-12-01,1.0193909543023687,0.9985681588599419
1965-01-01,0.9843882688261872,0.9991958965277983
1965-02-01,0.9843882688261872,0.9991958965277983
1965-03-01,0.9843882688261872,0.9991958965277983
1965-04-01,0.9843882688261872,0.9991958965277983
1965-05-01,0.9843882688261872,0.9991958965277983
1965-06-01,0.9843882688261872,0.9991958965277983
1965-07-01,0.9843882688261872,0.9991958965277983
1965-08-01,0.9843882688261872,0.9991958965277983
1965-09-01,0.9843882688261872,0.9991958965277983
1965-10-01,0.9843882688261872,0.9991958965277983
1965-11-01,0.9843882688261872,0.9991958965277983
1965-12-01,0.9843882688261872,0.9991958965277983
1966-01-01,0.940857290664381,1.00053166477391
1966-02-01,0.940857290664381,1.00053166477391
1966-03-01,0.940857290664381,1.00053166477391
1966-04-01,0.940857290664381,1.00053166477391
1966-05-01,0.940857290664381,1.00053166477391
1966-06-01,0.940857290664381,1.00053166477391
1966-07-01,0.940857290664381,1.00053166477391
1966-08-01,0.940857290664381,1.00053166477391
1966-09-01,0.940857290664381,1.00053166477391
1966-10-01,0.940857290664381,1.00053166477391
1966-11-01,0.940857290664381,1.00053166477391
1966-12-01,0.940857290664381,1.00053166477391
1967-01-01,1.0213961934427702,0.998320743731034
1967-02-01,1.0213961934427702,0.998320743731034
1967-03-01,1.0213961934427702,0.998320743731034
1967-04-01,1.0213961934427702,0.998320743731034
1967-05-01,1.0213961934427702,0.998320743731034
1967-06-01,1.0213961934427702,0.998320743731034
1967-07-01,1.0213961934427702,0.998320743731034
1967-08-01,1.0213961934427702,0.998320743731034
1967-09-01,1.0213961934427702,0.998320743731034
1967-10-01,1.0213961934427702,0.998320743731034
1967-11-01,1.0213961934427702,0.998320743731034
1967-12-01,1.0213961934427702,0.998320743731034
1968-01-01,1.0430630918810744,0.9976486794062327
1968-02-01,1.0430630918810744,0.9976486794062327
1968-03-01,1.0430630918810744,0.9976486794062327
1968-04-01,1.0430630918810744,0.9976486794062327
1968-05-01,1.0430630918810744,0.9976486794062327
1968-06-01,1.0430630918810744,0.9976486794062327
1968-07-01,1.0430630918810744,0.9976486794062327
1968-08-01,1.0430630918810744,0.9976486794062327
1968-09-01,1.0430630918810744,0.9976486794062327
1968-10-01,1.0430630918810744,0.9976486794062327
1968-11-01,1.0430630918810744,0.9976486794062327
1968-12-01,1.0430630918810744,0.9976486794062327
1969-01-01,0.9656922623316553,1.0020977984765884
1969-02-01,0.9656922623316553,1.0020977984765884
1969-03-01,0.9656922623316553,1.0020977984765884
1969-04-01,0.9656922623316553,1.0020977984765884
1969-05-01,0.9656922623316553,1.0020977984765884
1969-06-01,0.9656922623316553,1.0020977984765884
1969-07-01,0.9656922623316553,1.0020977984765884
1969-08-01,0.9656922623316553,1.0020977984765884
1969-09-01,0.9656922623316553,1.0020977984765884
1969-10-01,0.9656922623316553,1.0020977984765884
1969-11-01,0.9656922623316553,1.0020977984765884
1969-12-01,0.9656922623316553,1.0020977984765884
1970-01-01,0.9678553682442893,0.9997326440339698
1970-02-01,0.9678553682442893,0.9997326440339698
1970-03-01,0.9678553682442893,0.9997326440339698
1970-04-01,0.9678553682442893,0.9997326440339698
1970-05-01,0.9678553682442893,0.9997326440339698
1970-06-01,0.9678553682442893,0.9997326440339698
1970-07-01,0.9678553682442893,0.9997326440339698
1970-08-01,0.9678553682442893,0.9997326440339698
1970-09-01,0.9678553682442893,0.9997326440339698
1970-10-01,0.9678553682442893,0.9997326440339698
1970-11-01,0.9678553682442893,0.9997326440339698
1970-12-01,0.9678553682442893,0.9997326440339698
1971-01-01,1.0024005399987617,0.9992400939920586
1971-02-01,1.0024005399987617,0.9992400939920586
1971-03-01,1.0024005399987617,0.9992400939920586
1971-04-01,1.0024005399987617,0.9992400939920586
1971-05-01,1.0024005399987617,0.9992400939920586
1971-06-01,1.0024005399987617,0.9992400939920586
1971-07-01,1.0024005399987617,0.9992400939920586
1971-08-01,1.0024005399987617,0.9992400939920586
1971-09-01,1.0024005399987617,0.9992400939920586
1971-10-01,1.0024005399987617,0.9992400939920586
1971-11-01,1.0024005399987617,0.9992400939920586
1971-12-01,1.0024005399987617,0.9992400939920586
1972-01-01,0.964683925527387,1.0007978820925383
1972-02-01,0.964683925527387,1.0007978820925383
1972-03-01,0.964683925527387,1.0007978820925383
1972-04-01,0.964683925527387,1.0007978820925383
1972-05-01,0.964683925527387,1.0007978820925383
1972-06-01,0.964683925527387,1.0007978820925383
1972-07-01,0.964683925527387,1.0007978820925383
1972-08-01,0.964683925527387,1.0007978820925383
1972-09-01,0.964683925527387,1.0007978820925383
1972-10-01,0.964683925527387,1.0007978820925383
1972-11-01,0.964683925527387,1.0007978820925383
1972-12-01,0.964683925527387,1.0007978820925383
1973-01-01,1.0687987693218564,0.9970689043101347
1973-02-01,1.0687987693218564,0.9970689043101347
1973-03-01,1.0687987693218564,0.9970689043101347
1973-04-01,1.0687987693218564,0.9970689043101347
1973-05-01,1.0687987693218564,0.9970689043101347
1973-06-01,1.0687987693218564,0.9970689043101347
1973-07-01,1.0687987693218564,0.9970689043101347
1973-08-01,1.0687987693218564,0.9970689043101347
1973-09-01,1.0687987693218564,0.9970689043101347
1973-10-01,1.0687987693218564,0.9970689043101347
1973-11-01,1.0687987693218564,0.9970689043101347
1973-12-01,1.0687987693218564,0.9970689043101347
1974-01-01,0.9655899508710714,1.0012922529313755
1974-02-01,0.9655899508710714,1.0012922529313755
1974-03-01,0.9655899508710714,1.0012922529313755
1974-04-01,0.9655899508710714,1.0012922529313755
1974-05-01,0.9655899508710714,1.0012922529313755
1974-06-01,0.9655899508710714,1.0012922529313755
1974-07-01,0.9655899508710714,1.0012922529313755
1974-08-01,0.9655899508710714,1.0012922529313755
1974-09-01,0.9655899508710714,1.0012922529313755
1974-10-01,0.9655899508710714,1.0012922529313755
1974-11-01,0.9655899508710714,1.0012922529313755
1974-12-01,0.9655899508710714,1.0012922529313755
1975-01-01,1.0637337302044552,0.9981935251835335
1975-02-01,1.0637337302044552,0.9981935251835335
1975-03-01,1.0637337302044552,0.9981935251835335
1975-04-01,1.0637337302044552,0.9981935251835335
1975-05-01,1.0637337302044552,0.9981935251835335
1975-06-01,1.0637337302044552,0.9981935251835335
1975-07-01,1.0637337302044552,0.9981935251835335
1975-08-01,1.0637337302044552,0.9981935251835335
1975-09-01,1.0637337302044552,0.9981935251835335
1975-10-01,1.0637337302044552,0.9981935251835335
1975-11-01,1.0637337302044552,0.9981935251835335
1975-12-01,1.0637337302044552,0.9981935251835335
1976-01-01,0.9350121650178798,1.0016700137184336
1976-02-01,0.9350121650178798,1.0016700137184336
1976-03-01,0.9350121650178798,1.0016700137184336
1976-04-01,0.9350121650178798,1.0016700137184336
1976-05-01,0.9350121650178798,1.0016700137184336
1976-06-01,0.9350121650178798,1.0016700137184336
1976-07-01,0.9350121650178798,1.0016700137184336
1976-08-01,0.9350121650178798,1.0016700137184336
1976-09-01,0.9350121650178798,1.0016700137184336
1976-10-01,0.9350121650178798,1.0016700137184336
1976-11-01,0.9350121650178798,1.0016700137184336
1976-12-01,0.9350121650178798,1.0016700137184336
1977-01-01,0.9846545825548777,1.0015385827502858
1977-02-01,0.9846545825548777,1.0015385827502858
1977-03-01,0.9846545825548777,1.0015385827502858
1977-04-01,0.9846545825548777,1.0015385827502858
1977-05-01,0.9846545825548777,1.0015385827502858
1977-06-01,0.9846545825548777,1.0015385827502858
1977-07-01,0.9846545825548777,1.0015385827502858
1977-08-01,0.9846545825548777,1.0015385827502858
1977-09-01,0.9846545825548777,1.0015385827502858
1977-10-01,0.9846545825548777,1.0015385827502858
1977-11-01,0.9846545825548777,1.0015385827502858
1977-12-01,0.9846545825548777,1.0015385827502858
1978-01-01,0.9398739768270611,1.002285256822323
1978-02-01,0.9398739768270611,1.002285256822323
1978-03-01,0.9398739768270611,1.002285256822323
1978-04-01,0.9398739768270611,1.002285256822323
1978-05-01,0.9398739768270611,1.002285256822323
1978-06-01,0.9398739768270611,1.002285256822323
1978-07-01,0.9398739768270611,1.002285256822323
1978-08-01,0.9398739768270611,1.002285256822323
1978-09-01,0.9398739768270611,1.002285256822323
1978-10-01,0.9398739768270611,1.002285256822323
1978-11-01,0.9398739768270611,1.002285256822323
1978-12-01,0.9398739768270611,1.002285256822323
1979-01-01,0.945002815281487,1.00268462386127
1979-02-01,0.945002815281487,1.00268462386127
1979-03-01,0.945002815281487,1.00268462386127
1979-04-01,0.945002815281487,1.00268462386127
1979-05-01,0.945002815281487,1.00268462386127
1979-06-01,0.945002815281487,1.00268462386127
1979-07-01,0.945002815281487,1.00268462386127
1979-08-01,0.945002815281487,1.00268462386127
1979-09-01,0.945002815281487,1.00268462386127
1979-10-01,0.945002815281487,1.00268462386127
1979-11-01,0.945002815281487,1.00268462386127
1979-12-01,0.945002815281487,1.00268462386127
1980-01-01,0.9726678004423608,1.0010221371734724
1980-02-01,0.9726678004423608,1.0010221371734724
1980-03-01,0.9726678004423608,1.0010221371734724
1980-04-01,0.9726678004423608,1.0010221371734724
1980-05-01,0.9726678004423608,1.0010221371734724
1980-06-01,0.9726678004423608,1.0010221371734724
1980-07-01,0.9726678004423608,1.0010221371734724
1980-08-01,0.9726678004423608,1.0010221371734724
1980-09-01,0.9726678004423608,1.0010221371734724
1980-10-01,0.9726678004423608,1.0010221371734724
1980-11-01,0.9726678004423608,1.0010221371734724
1980-12-01,0.9726678004423608,1.0010221371734724
1981-01-01,0.941272807504584,1.0015129297881145
1981-02-01,0.941272807504584,1.0015129297881145
1981-03-01,0.941272807504584,1.0015129297881145
1981-04-01,0.941272807504584,1.0015129297881145
1981-05-01,0.941272807504584,1.0015129297881145
1981-06-01,0.941272807504584,1.0015129297881145
1981-07-01,0.941272807504584,1.0015129297881145
1981-08-01,0.941272807504584,1.0015129297881145
1981-09-01,0.941272807504584,1.0015129297881145
1981-10-01,0.941272807504584,1.0015129297881145
1981-11-01,0.941272807504584,1.0015129297881145
1981-12-01,0.941272807504584,1.0015129297881145
1982-01-01,0.9860109578293084,1.0010419660594236
1982-02-01,0.9860109578293084,1.0010419660594236
1982-03-01,0.9860109578293084,1.0010419660594236
1982-04-01,0.9860109578293084,1.0010419660594236
1982-05-01,0.9860109578293084,1.0010419660594236
1982-06-01,0.9860109578293084,1.0010419660594236
1982-07-01,0.9860109578293084,1.0010419660594236
1982-08-01,0.9860109578293084,1.0010419660594236
1982-09-01,0.9860109578293084,1.0010419660594236
1982-10-01,0.9860109578293084,1.0010419660594236
1982-11-01,0.9860109578293084,1.0010419660594236
1982-12-01,0.9860109578293084,1.0010419660594236
1983-01-01,1.0449357661474068,0.9987732765180583
1983-02-01,1.0449357661474068,0.9987732765180583
1983-03-01,1.0449357661474068,0.9987732765180583
1983-04-01,1.0449357661474068,0.9987732765180583
1983-05-01,1.0449357661474068,0.9987732765180583
1983-06-01,1.0449357661474068,0.9987732765180583
1983-07-01,1.0449357661474068,0.9987732765180583
1983-08-01,1.0449357661474068,0.9987732765180583
1983-09-01,1.0449357661474068,0.9987732765180583
1983-10-01,1.0449357661474068,0.9987732765180583
1983-11-01,1.0449357661474068,0.9987732765180583
1983-12-01,1.0449357661474068,0.9987732765180583
1984-01-01,0.995187349961301,1.0011904467778934
1984-02-01,0.995187349961301,1.0011904467778934
1984-03-01,0.995187349961301,1.0011904467778934
1984-04-01,0.995187349961301,1.0011904467778934
1984-05-01,0.995187349961301,1.0011904467778934
1984-06-01,0.995187349961301,1.0011904467778934
1984-07-01,0.995187349961301,1.0011904467778934
1984-08-01,0.995187349961301,1.0011904467778934
1984-09-01,0.995187349961301,1.0011904467778934
1984-10-01,0.995187349961301,1.0011904467778934
1984-11-01,0.995187349961301,1.0011904467778934
1984-12-01,0.995187349961301,1.0011904467778934
1985-01-01,0.9302493013129733,1.002389278166898
1985-02-01,0.9302493013129733,1.002389278166898
1985-03-01,0.9302493013129733,1.002389278166898
1985-04-01,0.9302493013129733,1.002389278166898
1985-05-01,0.9302493013129733,1.002389278166898
1985-06-01,0.9302493013129733,1.002389278166898
1985-07-01,0.9302493013129733,1.002389278166898
1985-08-01,0.9302493013129733,1.002389278166898
1985-09-01,0.9302493013129733,1.002389278166898
1985-10-01,0.9302493013129733,1.002389278166898
1985-11-01,0.9302493013129733,1.002389278166898
1985-12-01,0.9302493013129733,1.002389278166898
1986-01-01,1.0087423855309459,1.0021116371417227
1986-02-01,1.0087423855309459,1.0021116371417227
1986-03-01,1.0087423855309459,1.0021116371417227
1986-04-01,1.0087423855309459,1.0021116371417227
1986-05-01,1.0087423855309459,1.0021116371417227
1986-06-01,1.0087423855309459,1.0021116371417227
1986-07-01,1.0087423855309459,1.0021116371417227
1986-08-01,1.0087423855309459,1.0021116371417227
1986-09-01,1.0087423855309459,1.0021116371417227
1986-10-01,1.0087423855309459,1.0021116371417227
1986-11-01,1.0087423855309459,1.0021116371417227
1986-12-01,1.0087423855309459,1.0021116371417227
1987-01-01,0.8578942562331353,1.0053153044034455
1987-02-01,0.8578942562331353,1.0053153044034455
1987-03-01,0.8578942562331353,1.0053153044034455
1987-04-01,0.8578942562331353,1.0053153044034455
1987-05-01,0.8578942562331353,1.0053153044034455
1987-06-01,0.8578942562331353,1.0053153044034455
1987-07-01,0.8578942562331353,1.0053153044034455
1987-08-01,0.8578942562331353,1.0053153044034455
1987-09-01,0.8578942562331353,1.0053153044034455
1987-10-01,0.8578942562331353,1.0053153044034455
1987-11-01,0.8578942562331353,1.0053153044034455
1987-12-01,0.8578942562331353,1.0053153044034455
1988-01-01,1.00269355142377,1.0003199799410147
1988-02-01,1.00269355142377,1.0003199799410147
1988-03-01,1.00269355142377,1.0003199799410147
1988-04-01,1.00269355142377,1.0003199799410147
1988-05-01,1.00269355142377,1.0003199799410147
1988-06-01,1.00269355142377,1.0003199799410147
1988-07-01,1.00269355142377,1.0003199799410147
1988-08-01,1.00269355142377,1.0003199799410147
1988-09-01,1.00269355142377,1.0003199799410147
1988-10-01,1.00269355142377,1.0003199799410147
1988-11-01,1.00269355142377,1.0003199799410147
1988-12-01,1.00269355142377,1.0003199799410147
1989-01-01,1.0829098734236005,0.9973905012964515
1989-02-01,1.0829098734236005,0.9973905012964515
1989-03-01,1.0829098734236005,0.9973905012964515
1989-04-01,1.0829098734236005,0.9973905012964515
1989-05-01,1.0829098734236005,0.9973905012964515
1989-06-01,1.0829098734236005,0.9973905012964515
1989-07-01,1.0829098734236005,0.9973905012964515
1989-08-01,1.0829098734236005,0.9973905012964515
1989-09-01,1.0829098734236005,0.9973905012964515
1989-10-01,1.0829098734236005,0.9973905012964515
1989-11-01,1.0829098734236005,0.9973905012964515
1989-12-01,1.0829098734236005,0.9973905012964515
1990-01-01,1.114512183228957,0.9958674098972783
1990-02-01,1.114512183228957,0.9958674098972783
1990-03-01,1.114512183228957,0.9958674098972783
1990-04-01,1.114512183228957,0.9958674098972783
1990-05-01,1.114512183228957,0.9958674098972783
1990-06-01,1.114512183228957,0.9958674098972783
1990-07-01,1.114512183228957,0.9958674098972783
1990-08-01,1.114512183228957,0.9958674098972783
1990-09-01,1.114512183228957,0.9958674098972783
1990-10-01,1.114512183228957,0.9958674098972783
1990-11-01,1.114512183228957,0.9958674098972783
1990-12-01,1.114512183228957,0.9958674098972783
1991-01-01,0.9925683247243058,1.000977694782825
1991-02-01,0.9925683247243058,1.000977694782825
1991-03-01,0.9925683247243058,1.000977694782825
1991-04-01,0.9925683247243058,1.000977694782825
1991-05-01,0.9925683247243058,1.000977694782825
1991-06-01,0.9925683247243058,1.000977694782825
1991-07-01,0.9925683247243058,1.000977694782825
1991-08-01,0.9925683247243058,1.000977694782825
1991-09-01,0.9925683247243058,1.000977694782825
1991-10-01,0.9925683247243058,1.000977694782825
1991-11-01,0.9925683247243058,1.000977694782825
1991-12-01,0.9925683247243058,1.000977694782825
1992-01-01,1.0635669203495453,0.9982896480778817
1992-02-01,1.0635669203495453,0.9982896480778817
1992-03-01,1.0635669203495453,0.9982896480778817
1992-04-01,1.0635669203495453,0.9982896480778817
1992-05-01,1.0635669203495453,0.9982896480778817
1992-06-01,1.0635669203495453,0.9982896480778817
1992-07-01,1.0635669203495453,0.9982896480778817
1992-08-01,1.0635669203495453,0.9982896480778817
1992-09-01,1.0635669203495453,0.9982896480778817
1992-10-01,1.0635669203495453,0.9982896480778817
1992-11-01,1.0635669203495453,0.9982896480778817
1992-12-01,1.0635669203495453,0.9982896480778817
1993-01-01,1.055657958492571,0.9991391259879167
1993-02-01,1.055657958492571,0.9991391259879167
1993-03-01,1.055657958492571,0.9991391259879167
1993-04-01,1.055657958492571,0.9991391259879167
1993-05-01,1.055657958492571,0.9991391259879167
1993-06-01,1.055657958492571,0.9991391259879167
1993-07-01,1.055657958492571,0.9991391259879167
1993-08-01,1.055657958492571,0.9991391259879167
1993-09-01,1.055657958492571,0.9991391259879167
1993-10-01,1.055657958492571,0.9991391259879167
1993-11-01,1.055657958492571,0.9991391259879167
1993-12-01,1.055657958492571,0.9991391259879167
1994-01-01,0.95465787541617,1.0024127376790308
1994-02-01,0.95465787541617,1.0024127376790308
1994-03-01,0.95465787541617,1.0024127376790308
1994-04-01,0.95465787541617,1.0024127376790308
1994-05-01,0.95465787541617,1.0024127376790308
1994-06-01,0.95465787541617,1.0024127376790308
1994-07-01,0.95465787541617,1.0024127376790308
1994-08-01,0.95465787541617,1.0024127376790308
1994-09-01,0.95465787541617,1.0024127376790308
1994-10-01,0.95465787541617,1.0024127376790308
1994-11-01,0.95465787541617,1.0024127376790308
1994-12-01,0.95465787541617,1.0024127376790308
1995-01-01,1.0019508697942408,1.0019207595161304
1995-02-01,1.0019508697942408,1.0019207595161304
1995-03-01,1.0019508697942408,1.0019207595161304
1995-04-01,1.0019508697942408,1.0019207595161304
1995-05-01,1.0019508697942408,1.0019207595161304
1995-06-01,1.0019508697942408,1.0019207595161304
1995-07-01,1.0019508697942408,1.0019207595161304
1995-08-01,1.0019508697942408,1.0019207595161304
1995-09-01,1.0019508697942408,1.0019207595161304
1995-10-01,1.0019508697942408,1.0019207595161304
1995-11-01,1.0019508697942408,1.0019207595161304
1995-12-01,1.0019508697942408,1.0019207595161304
1996-01-01,0.9197261397305317,1.0041877972545146
1996-02-01,0.9197261397305317,1.0041877972545146
1996-03-01,0.9197261397305317,1.0041877972545146
1996-04-01,0.9197261397305317,1.0041877972545146
1996-05-01,0.9197261397305317,1.0041877972545146
1996-06-01,0.9197261397305317,1.0041877972545146
1996-07-01,0.9197261397305317,1.0041877972545146
1996-08-01,0.9197261397305317,1.0041877972545146
1996-09-01,0.9197261397305317,1.0041877972545146
1996-10-01,0.9197261397305317,1.0041877972545146
1996-11-01,0.9197261397305317,1.0041877972545146
1996-12-01,0.9197261397305317,1.0041877972545146
1997-01-01,0.9844855117185708,1.0020934842959617
1997-02-01,0.9844855117185708,1.0020934842959617
1997-03-01,0.9844855117185708,1.0020934842959617
1997-04-01,0.9844855117185708,1.0020934842959617
1997-05-01,0.9844855117185708,1.0020934842959617
1997-06-01,0.9844855117185708,1.0020934842959617
1997-07-01,0.9844855117185708,1.0020934842959617
1997-08-01,0.9844855117185708,1.0020934842959617
1997-09-01,0.9844855117185708,1.0020934842959617
1997-10-01,0.9844855117185708,1.0020934842959617
1997-11-01,0.9844855117185708,1.0020934842959617
1997-12-01,0.9844855117185708,1.0020934842959617
1998-01-01,0.9888078170671325,0.9998634744527245
1998-02-01,0.9888078170671325,0.9998634744527245
1998-03-01,0.9888078170671325,0.9998634744527245
1998-04-01,0.9888078170671325,0.9998634744527245
1998-05-01,0.9888078170671325,0.9998634744527245
1998-06-01,0.9888078170671325,0.9998634744527245
1998-07-01,0.9888078170671325,0.9998634744527245
1998-08-01,0.9888078170671325,0.9998634744527245
1998-09-01,0.9888078170671325,0.9998634744527245
1998-10-01,0.9888078170671325,0.9998634744527245
1998-11-01,0.9888078170671325,0.9998634744527245
1998-12-01,0.9888078170671325,0.9998634744527245
1999-01-01,1.0575206113045141,0.9990723191418728
1999-02-01,1.0575206113045141,0.9990723191418728
1999-03-01,1.0575206113045141,0.9990723191418728
1999-04-01,1.0575206113045141,0.9990723191418728
1999-05-01,1.0575206113045141,0.9990723191418728
1999-06-01,1.0575206113045141,0.9990723191418728
1999-07-01,1.0575206113045141,0.9990723191418728
1999-08-01,1.0575206113045141,0.9990723191418728
1999-09-01,1.0575206113045141,0.9990723191418728
1999-10-01,1.0575206113045141,0.9990723191418728
1999-11-01,1.0575206113045141,0.9990723191418728
1999-12-01,1.0575206113045141,0.9990723191418728
2000-01-01,1.008217980228162,0.9998682892337264
2000-02-01,1.008217980228162,0.9998682892337264
2000-03-01,1.008217980228162,0.9998682892337264
2000-04-01,1.008217980228162,0.9998682892337264
2000-05-01,1.008217980228162,0.9998682892337264
2000-06-01,1.008217980228162,0.9998682892337264
2000-07-01,1.008217980228162,0.9998682892337264
2000-08-01,1.008217980228162,0.9998682892337264
2000-09-01,1.008217980228162,0.9998682892337264
2000-10-01,1.008217980228162,0.9998682892337264
2000-11-01,1.008217980228162,0.9998682892337264
2000-12-01,1.008217980228162,0.9998682892337264
2001-01-01,1.0192299131099052,0.9987743435926764
2001-02-01,1.0192299131099052,0.9987743435926764
2001-03-01,1.0192299131099052,0.9987743435926764
2001-04-01,1.0192299131099052,0.9987743435926764
2001-05-01,1.0192299131099052,0.9987743435926764
2001-06-01,1.0192299131099052,0.9987743435926764
2001-07-01,1.0192299131099052,0.9987743435926764
2001-08-01,1.0192299131099052,0.9987743435926764
2001-09-01,1.0192299131099052,0.9987743435926764
2001-10-01,1.0192299131099052,0.9987743435926764
2001-11-01,1.0192299131099052,0.9987743435926764
2001-12-01,1.0192299131099052,0.9987743435926764
2002-01-01,1.0881405124529948,0.998179389071768
2002-02-01,1.0881405124529948,0.998179389071768
2002-03-01,1.0881405124529948,0.998179389071768
2002-04-01,1.0881405124529948,0.998179389071768
2002-05-01,1.0881405124529948,0.998179389071768
2002-06-01,1.0881405124529948,0.998179389071768
2002-07-01,1.0881405124529948,0.998179389071768
2002-08-01,1.0881405124529948,0.998179389071768
2002-09-01,1.0881405124529948,0.998179389071768
2002-10-01,1.0881405124529948,0.998179389071768
2002-11-01,1.0881405124529948,0.998179389071768
2002-12-01,1.0881405124529948,0.998179389071768
2003-01-01,0.9701372658083247,1.001371082748098
2003-02-01,0.9701372658083247,1.001371082748098
2003-03-01,0.9701372658083247,1.001371082748098
2003-04-01,0.9701372658083247,1.001371082748098
2003-05-01,0.9701372658083247,1.001371082748098
2003-06-01,0.9701372658083247,1.001371082748098
2003-07-01,0.9701372658083247,1.001371082748098
2003-08-01,0.9701372658083247,1.001371082748098
2003-09-01,0.9701372658083247,1.001371082748098
2003-10-01,0.9701372658083247,1.001371082748098
2003-11-01,0.9701372658083247,1.001371082748098
2003-12-01,0.9701372658083247,1.001371082748098
2004-01-01,1.000254624914464,0.9991313763280312
2004-02-01,1.000254624914464,0.9991313763280312
2004-03-01,1.000254624914464,0.9991313763280312
2004-04-01,1.000254624914464,0.9991313763280312
2004-05-01,1.000254624914464,0.9991313763280312
2004-06-01,1.000254624914464,0.9991313763280312
2004-07-01,1.000254624914464,0.9991313763280312
2004-08-01,1.000254624914464,0.9991313763280312
2004-09-01,1.000254624914464,0.9991313763280312
2004-10-01,1.000254624914464,0.9991313763280312
2004-11-01,1.000254624914464,0.9991313763280312
2004-12-01,1.000254624914464,0.9991313763280312
2005-01-01,1.0014930606439236,1.0003876403769056
2005-02-01,1.0014930606439236,1.0003876403769056
2005-03-01,1.0014930606439236,1.0003876403769056
2005-04-01,1.0014930606439236,1.0003876403769056
2005-05-01,1.0014930606439236,1.0003876403769056
2005-06-01,1.0014930606439236,1.0003876403769056
2005-07-01,1.0014930606439236,1.0003876403769056
2005-08-01,1.0014930606439236,1.0003876403769056
2005-09-01,1.0014930606439236,1.0003876403769056
2005-10-01,1.0014930606439236,1.0003876403769056
2005-11-01,1.0014930606439236,1.0003876403769056
2005-12-01,1.0014930606439236,1.0003876403769056
2006-01-01,1.0259496429575043,0.9986168396391423
2006-02-01,1.0259496429575043,0.9986168396391423
2006-03-01,1.0259496429575043,0.9986168396391423
2006-04-01,1.0259496429575043,0.9986168396391423
2006-05-01,1.0259496429575043,0.9986168396391423
2006-06-01,1.0259496429575043,0.9986168396391423
2006-07-01,1.0259496429575043,0.9986168396391423
2006-08-01,1.0259496429575043,0.9986168396391423
2006-09-01,1.0259496429575043,0.9986168396391423
2006-10-01,1.0259496429575043,0.9986168396391423
2006-11-01,1.0259496429575043,0.9986168396391423
2006-12-01,1.0259496429575043,0.9986168396391423
2007-01-01,1.049867624682764,0.9974896889053585
2007-02-01,1.049867624682764,0.9974896889053585
2007-03-01,1.049867624682764,0.9974896889053585
2007-04-01,1.049867624682764,0.9974896889053585
2007-05-01,1.049867624682764,0.9974896889053585
2007-06-01,1.049867624682764,0.9974896889053585
2007-07-01,1.049867624682764,0.9974896889053585
2007-08-01,1.049867624682764,0.9974896889053585
2007-09-01,1.049867624682764,0.9974896889053585
2007-10-01,1.049867624682764,0.9974896889053585
2007-11-01,1.049867624682764,0.9974896889053585
2007-12-01,1.049867624682764,0.9974896889053585
2008-01-01,1.056339466862846,0.9982767630804197
2008-02-01,1.056339466862846,0.9982767630804197
2008-03-01,1.056339466862846,0.9982767630804197
2008-04-01,1.056339466862846,0.9982767630804197
2008-05-01,1.056339466862846,0.9982767630804197
2008-06-01,1.056339466862846,0.9982767630804197
2008-07-01,1.056339466862846,0.9982767630804197
2008-08-01,1.056339466862846,0.9982767630804197
2008-09-01,1.056339466862846,0.9982767630804197
2008-10-01,1.056339466862846,0.9982767630804197
2008-11-01,1.056339466862846,0.9982767630804197
2008-12-01,1.056339466862846,0.9982767630804197
2009-01-01,1.046148454879018,0.9995872520185094
2009-02-01,1.046148454879018,0.9995872520185094
2009-03-01,1.046148454879018,0.9995872520185094
2009-04-01,1.046148454879018,0.9995872520185094
2009-05-01,1.046148454879018,0.9995872520185094
2009-06-01,1.046148454879018,0.9995872520185094
2009-07-01,1.046148454879018,0.9995872520185094
2009-08-01,1.046148454879018,0.9995872520185094
2009-09-01,1.046148454879018,0.9995872520185094
2009-10-01,1.046148454879018,0.9995872520185094
2009-11-01,1.046148454879018,0.9995872520185094
2009-12-01,1.046148454879018,0.9995872520185094
2010-01-01,0.9798191039233536,1.0016324489123827
2010-02-01,0.9798191039233536,1.0016324489123827
2010-03-01,0.9798191039233536,1.0016324489123827
2010-04-01,0.9798191039233536,1.0016324489123827
2010-05-01,0.9798191039233536,1.0016324489123827
2010-06-01,0.9798191039233536,1.0016324489123827
2010-07-01,0.9798191039233536,1.0016324489123827
2010-08-01,0.9798191039233536,1.0016324489123827
2010-09-01,0.9798191039233536,1.0016324489123827
2010-10-01,0.9798191039233536,1.0016324489123827
2010-11-01,0.9798191039233536,1.0016324489123827
2010-12-01,0.9798191039233536,1.0016324489123827
